Category,Name,ID,Verbose ID,pValue,PROK2,MET,RAI14,EREG,FLRT2,CCL17,CCL20,IL1A,PPBP,SPINK1,HS3ST2,CXCL5,CXCL1,F3,CXCL2,SLC7A11,CXCL3,NT5E,GEM,HSPA6,ZMIZ1-AS1,TNFSF15,PTGS2,SCG5,TMEM158,C11orf96,CXCL8,LINC00520,SERPINB2,C11orf96
GO: Molecular Function,chemokine activity,GO:0008009,go-molecular-function_GO:0008009_chemokine_activity,2.17760486229635E-15,0,0,0,0,0,1,1,0,1,0,0,1,1,0,1,0,1,0,0,0,0,0,0,0,0,0,1,0,0,0
GO: Molecular Function,CXCR chemokine receptor binding,GO:0045236,go-molecular-function_GO:0045236_CXCR_chemokine_receptor_binding,6.17912851279255E-14,0,0,0,0,0,0,0,0,1,0,0,1,1,0,1,0,1,0,0,0,0,0,0,0,0,0,1,0,0,0
GO: Molecular Function,chemokine receptor binding,GO:0042379,go-molecular-function_GO:0042379_chemokine_receptor_binding,1.07231891904678E-13,0,0,0,0,0,1,1,0,1,0,0,1,1,0,1,0,1,0,0,0,0,0,0,0,0,0,1,0,0,0
GO: Molecular Function,cytokine activity,GO:0005125,go-molecular-function_GO:0005125_cytokine_activity,5.5319347476207E-13,0,0,0,0,0,1,1,1,1,0,0,1,1,0,1,0,1,0,0,0,0,1,0,0,0,0,1,0,0,0
GO: Molecular Function,receptor ligand activity,GO:0048018,go-molecular-function_GO:0048018_receptor_ligand_activity,1.89464327685535E-12,0,0,0,1,1,1,1,1,1,0,0,1,1,0,1,0,1,0,0,0,0,1,0,0,0,0,1,0,0,0
GO: Molecular Function,signaling receptor activator activity,GO:0030546,go-molecular-function_GO:0030546_signaling_receptor_activator_activity,2.19942478829248E-12,0,0,0,1,1,1,1,1,1,0,0,1,1,0,1,0,1,0,0,0,0,1,0,0,0,0,1,0,0,0
GO: Molecular Function,cytokine receptor binding,GO:0005126,go-molecular-function_GO:0005126_cytokine_receptor_binding,7.2781871236394E-12,0,0,0,0,0,1,1,1,1,0,0,1,1,0,1,0,1,0,0,0,0,1,0,0,0,0,1,0,0,0
GO: Molecular Function,signaling receptor regulator activity,GO:0030545,go-molecular-function_GO:0030545_signaling_receptor_regulator_activity,7.60826803189323E-12,0,0,0,1,1,1,1,1,1,0,0,1,1,0,1,0,1,0,0,0,0,1,0,0,0,0,1,0,0,0
GO: Molecular Function,G protein-coupled receptor binding,GO:0001664,go-molecular-function_GO:0001664_G_protein-coupled_receptor_binding,3.58224495500455E-10,1,0,0,0,0,1,1,0,1,0,0,1,1,0,1,0,1,0,0,0,0,0,0,0,0,0,1,0,0,0
GO: Molecular Function,molecular function activator activity,GO:0140677,go-molecular-function_GO:0140677_molecular_function_activator_activity,1.58446352585065E-09,0,1,0,1,1,1,1,1,1,0,0,1,1,0,1,0,1,0,0,0,0,1,0,0,0,0,1,0,0,0
GO: Molecular Function,signaling receptor binding,GO:0005102,go-molecular-function_GO:0005102_signaling_receptor_binding,9.85020930641559E-08,1,0,0,1,1,1,1,1,1,0,0,1,1,0,1,0,1,0,0,0,0,1,0,0,0,0,1,0,0,0
GO: Molecular Function,growth factor activity,GO:0008083,go-molecular-function_GO:0008083_growth_factor_activity,8.17329317232519E-05,0,0,0,1,0,0,0,0,1,0,0,0,1,0,1,0,0,0,0,0,0,0,0,0,0,0,0,0,0,0
GO: Molecular Function,L-kynurenine transmembrane transporter activity,GO:0140926,go-molecular-function_GO:0140926_L-kynurenine_transmembrane_transporter_activity,0.0013521634615599300,0,0,0,0,0,0,0,0,0,0,0,0,0,0,0,1,0,0,0,0,0,0,0,0,0,0,0,0,0,0
GO: Molecular Function,thymidylate 5'-phosphatase activity,GO:0050340,go-molecular-function_GO:0050340_thymidylate_5'-phosphatase_activity,0.0013521634615599300,0,0,0,0,0,0,0,0,0,0,0,0,0,0,0,0,0,1,0,0,0,0,0,0,0,0,0,0,0,0
GO: Molecular Function,[heparan sulfate]-glucosamine 3-sulfotransferase 2 activity,GO:0033871,go-molecular-function_GO:0033871_[heparan_sulfate]-glucosamine_3-sulfotransferase...,0.0013521634615599300,0,0,0,0,0,0,0,0,0,0,1,0,0,0,0,0,0,0,0,0,0,0,0,0,0,0,0,0,0,0
GO: Molecular Function,hepatocyte growth factor receptor activity,GO:0005008,go-molecular-function_GO:0005008_hepatocyte_growth_factor_receptor_activity,0.0013521634615599300,0,1,0,0,0,0,0,0,0,0,0,0,0,0,0,0,0,0,0,0,0,0,0,0,0,0,0,0,0,0
GO: Molecular Function,cystine:glutamate antiporter activity,GO:0015327,go-molecular-function_GO:0015327_cystine:glutamate_antiporter_activity,0.0013521634615599300,0,0,0,0,0,0,0,0,0,0,0,0,0,0,0,1,0,0,0,0,0,0,0,0,0,0,0,0,0,0
GO: Molecular Function,growth factor receptor binding,GO:0070851,go-molecular-function_GO:0070851_growth_factor_receptor_binding,0.0016042952397353500,0,0,0,1,1,0,0,1,0,0,0,0,0,0,0,0,0,0,0,0,0,0,0,0,0,0,0,0,0,0
GO: Molecular Function,CCR chemokine receptor binding,GO:0048020,go-molecular-function_GO:0048020_CCR_chemokine_receptor_binding,0.002592153793865680,0,0,0,0,0,1,1,0,0,0,0,0,0,0,0,0,0,0,0,0,0,0,0,0,0,0,0,0,0,0
GO: Molecular Function,prostaglandin-endoperoxide synthase activity,GO:0004666,go-molecular-function_GO:0004666_prostaglandin-endoperoxide_synthase_activity,0.0027025662054094700,0,0,0,0,0,0,0,0,0,0,0,0,0,0,0,0,0,0,0,0,0,0,1,0,0,0,0,0,0,0
GO: Molecular Function,CCR4 chemokine receptor binding,GO:0031729,go-molecular-function_GO:0031729_CCR4_chemokine_receptor_binding,0.0027025662054094700,0,0,0,0,0,1,0,0,0,0,0,0,0,0,0,0,0,0,0,0,0,0,0,0,0,0,0,0,0,0
GO: Molecular Function,GMP 5'-nucleotidase activity,GO:0050484,go-molecular-function_GO:0050484_GMP_5'-nucleotidase_activity,0.0027025662054094700,0,0,0,0,0,0,0,0,0,0,0,0,0,0,0,0,0,1,0,0,0,0,0,0,0,0,0,0,0,0
GO: Molecular Function,5'-deoxynucleotidase activity,GO:0002953,go-molecular-function_GO:0002953_5'-deoxynucleotidase_activity,0.0027025662054094700,0,0,0,0,0,0,0,0,0,0,0,0,0,0,0,0,0,1,0,0,0,0,0,0,0,0,0,0,0,0
GO: Molecular Function,interleukin-8 receptor binding,GO:0005153,go-molecular-function_GO:0005153_interleukin-8_receptor_binding,0.004051210436288600,0,0,0,0,0,0,0,0,0,0,0,0,0,0,0,0,0,0,0,0,0,0,0,0,0,0,1,0,0,0
GO: Molecular Function,IMP 5'-nucleotidase activity,GO:0050483,go-molecular-function_GO:0050483_IMP_5'-nucleotidase_activity,0.005398098356008240,0,0,0,0,0,0,0,0,0,0,0,0,0,0,0,0,0,1,0,0,0,0,0,0,0,0,0,0,0,0
GO: Biological Process,chemokine-mediated signaling pathway,GO:0070098,go-biological-process_GO:0070098_chemokine-mediated_signaling_pathway,3.67591464748497E-13,0,0,0,0,0,1,1,0,1,0,0,1,1,0,1,0,1,0,0,0,0,0,0,0,0,0,1,0,0,0
GO: Biological Process,chemotaxis,GO:0006935,go-biological-process_GO:0006935_chemotaxis,6.69391312330055E-13,1,1,0,0,1,1,1,0,1,0,0,1,1,1,1,0,1,0,0,0,0,0,0,0,0,0,1,0,0,0
GO: Biological Process,taxis,GO:0042330,go-biological-process_GO:0042330_taxis,7.00523612873188E-13,1,1,0,0,1,1,1,0,1,0,0,1,1,1,1,0,1,0,0,0,0,0,0,0,0,0,1,0,0,0
GO: Biological Process,response to chemokine,GO:1990868,go-biological-process_GO:1990868_response_to_chemokine,8.22275477245629E-13,0,0,0,0,0,1,1,0,1,0,0,1,1,0,1,0,1,0,0,0,0,0,0,0,0,0,1,0,0,0
GO: Biological Process,cellular response to chemokine,GO:1990869,go-biological-process_GO:1990869_cellular_response_to_chemokine,8.22275477245629E-13,0,0,0,0,0,1,1,0,1,0,0,1,1,0,1,0,1,0,0,0,0,0,0,0,0,0,1,0,0,0
GO: Biological Process,antimicrobial humoral immune response mediated by antimicrobial peptide,GO:0061844,go-biological-process_GO:0061844_antimicrobial_humoral_immune_response_mediated_b...,5.14102469589571E-12,0,0,0,0,0,1,1,0,1,0,0,1,1,0,1,0,1,0,0,0,0,0,0,0,0,0,1,0,0,0
GO: Biological Process,cytokine-mediated signaling pathway,GO:0019221,go-biological-process_GO:0019221_cytokine-mediated_signaling_pathway,6.48856965513939E-11,0,0,0,1,0,1,1,1,1,0,0,1,1,1,1,0,1,0,0,0,0,0,0,0,0,0,1,0,0,0
GO: Biological Process,antimicrobial humoral response,GO:0019730,go-biological-process_GO:0019730_antimicrobial_humoral_response,7.2099182504999E-11,0,0,0,0,0,1,1,0,1,0,0,1,1,0,1,0,1,0,0,0,0,0,0,0,0,0,1,0,0,0
GO: Biological Process,inflammatory response,GO:0006954,go-biological-process_GO:0006954_inflammatory_response,1.35882994141243E-10,1,0,0,0,0,1,1,1,1,0,0,1,1,1,1,0,1,1,0,0,0,0,1,0,0,0,1,0,0,0
GO: Biological Process,neutrophil migration,GO:1990266,go-biological-process_GO:1990266_neutrophil_migration,2.68395309768515E-10,0,0,0,0,0,0,0,1,1,0,0,1,1,0,1,0,1,0,0,0,0,0,0,0,0,0,1,0,0,0
GO: Biological Process,cell chemotaxis,GO:0060326,go-biological-process_GO:0060326_cell_chemotaxis,5.20027621086968E-10,0,1,0,0,0,1,1,0,1,0,0,1,1,0,1,0,1,0,0,0,0,0,0,0,0,0,1,0,0,0
GO: Biological Process,locomotion,GO:0040011,go-biological-process_GO:0040011_locomotion,1.14203743471148E-09,1,1,0,0,1,1,1,1,1,0,0,1,1,1,1,0,1,0,0,0,0,0,1,0,0,0,1,0,0,0
GO: Biological Process,granulocyte migration,GO:0097530,go-biological-process_GO:0097530_granulocyte_migration,2.62800737390596E-09,0,0,0,0,0,0,0,1,1,0,0,1,1,0,1,0,1,0,0,0,0,0,0,0,0,0,1,0,0,0
GO: Biological Process,neutrophil chemotaxis,GO:0030593,go-biological-process_GO:0030593_neutrophil_chemotaxis,3.42952744939044E-09,0,0,0,0,0,0,0,0,1,0,0,1,1,0,1,0,1,0,0,0,0,0,0,0,0,0,1,0,0,0
GO: Biological Process,response to cytokine,GO:0034097,go-biological-process_GO:0034097_response_to_cytokine,3.4512811483183E-09,0,0,0,1,0,1,1,1,1,0,0,1,1,1,1,0,1,0,0,0,0,0,1,0,0,0,1,0,0,0
GO: Biological Process,response to peptide,GO:1901652,go-biological-process_GO:1901652_response_to_peptide,4.11504411138083E-09,0,0,0,1,0,1,1,1,1,0,0,1,1,1,1,0,1,0,0,0,0,0,1,0,0,0,1,0,0,0
GO: Biological Process,humoral immune response,GO:0006959,go-biological-process_GO:0006959_humoral_immune_response,5.41404709437939E-09,0,0,0,0,0,1,1,0,1,0,0,1,1,0,1,0,1,0,0,0,0,0,0,0,0,0,1,0,0,0
GO: Biological Process,cellular response to cytokine stimulus,GO:0071345,go-biological-process_GO:0071345_cellular_response_to_cytokine_stimulus,1.48418418246779E-08,0,0,0,1,0,1,1,1,1,0,0,1,1,1,1,0,1,0,0,0,0,0,0,0,0,0,1,0,0,0
GO: Biological Process,granulocyte chemotaxis,GO:0071621,go-biological-process_GO:0071621_granulocyte_chemotaxis,2.97078495177937E-08,0,0,0,0,0,0,0,0,1,0,0,1,1,0,1,0,1,0,0,0,0,0,0,0,0,0,1,0,0,0
GO: Biological Process,myeloid leukocyte migration,GO:0097529,go-biological-process_GO:0097529_myeloid_leukocyte_migration,5.02844957839062E-08,0,0,0,0,0,0,0,1,1,0,0,1,1,0,1,0,1,0,0,0,0,0,0,0,0,0,1,0,0,0
GO: Biological Process,G protein-coupled receptor signaling pathway,GO:0007186,go-biological-process_GO:0007186_G_protein-coupled_receptor_signaling_pathway,5.85418171427393E-08,1,1,0,1,0,1,1,0,1,0,0,1,1,0,1,0,1,0,0,0,0,0,0,1,0,0,1,0,0,0
GO: Biological Process,leukocyte migration,GO:0050900,go-biological-process_GO:0050900_leukocyte_migration,7.31596111791051E-08,0,0,0,0,0,0,1,1,1,0,0,1,1,0,1,0,1,0,0,0,0,0,0,0,0,0,1,0,0,0
GO: Biological Process,response to lipopolysaccharide,GO:0032496,go-biological-process_GO:0032496_response_to_lipopolysaccharide,9.41697676345617E-08,0,0,0,0,0,0,0,1,1,0,0,1,1,0,1,0,1,0,0,0,0,0,1,0,0,0,1,0,0,0
GO: Biological Process,cellular response to lipopolysaccharide,GO:0071222,go-biological-process_GO:0071222_cellular_response_to_lipopolysaccharide,1.32090041558847E-07,0,0,0,0,0,0,0,1,1,0,0,1,1,0,1,0,1,0,0,0,0,0,0,0,0,0,1,0,0,0
GO: Biological Process,cell migration,GO:0016477,go-biological-process_GO:0016477_cell_migration,1.37876190045377E-07,0,1,0,0,1,1,1,1,1,0,0,1,1,1,1,0,1,0,0,0,0,0,1,0,0,0,1,0,0,0
GO: Biological Process,response to molecule of bacterial origin,GO:0002237,go-biological-process_GO:0002237_response_to_molecule_of_bacterial_origin,1.45250101809042E-07,0,0,0,0,0,0,0,1,1,0,0,1,1,0,1,0,1,0,0,0,0,0,1,0,0,0,1,0,0,0
GO: Biological Process,cellular response to molecule of bacterial origin,GO:0071219,go-biological-process_GO:0071219_cellular_response_to_molecule_of_bacterial_origin,1.76954583052988E-07,0,0,0,0,0,0,0,1,1,0,0,1,1,0,1,0,1,0,0,0,0,0,0,0,0,0,1,0,0,0
GO: Biological Process,cellular response to biotic stimulus,GO:0071216,go-biological-process_GO:0071216_cellular_response_to_biotic_stimulus,3.29710072808759E-07,0,0,0,0,0,0,0,1,1,0,0,1,1,0,1,0,1,0,0,0,0,0,0,0,0,0,1,0,0,0
GO: Biological Process,disruption of cell in another organism,GO:0141061,go-biological-process_GO:0141061_disruption_of_cell_in_another_organism,6.39894196884125E-07,0,0,0,0,0,1,1,0,1,0,0,1,0,0,1,0,0,0,0,0,0,0,0,0,0,0,0,0,0,0
GO: Biological Process,killing of cells of another organism,GO:0031640,go-biological-process_GO:0031640_killing_of_cells_of_another_organism,6.39894196884125E-07,0,0,0,0,0,1,1,0,1,0,0,1,0,0,1,0,0,0,0,0,0,0,0,0,0,0,0,0,0,0
GO: Biological Process,disruption of anatomical structure in another organism,GO:0141060,go-biological-process_GO:0141060_disruption_of_anatomical_structure_in_another_or...,7.17218254601601E-07,0,0,0,0,0,1,1,0,1,0,0,1,0,0,1,0,0,0,0,0,0,0,0,0,0,0,0,0,0,0
GO: Biological Process,leukocyte chemotaxis,GO:0030595,go-biological-process_GO:0030595_leukocyte_chemotaxis,1.04793014208706E-06,0,0,0,0,0,0,0,0,1,0,0,1,1,0,1,0,1,0,0,0,0,0,0,0,0,0,1,0,0,0
GO: Biological Process,response to bacterium,GO:0009617,go-biological-process_GO:0009617_response_to_bacterium,1.46923329025366E-06,0,0,0,0,0,0,1,1,1,0,0,1,1,0,1,0,1,0,0,0,0,0,1,0,0,0,1,0,0,0
GO: Biological Process,positive regulation of cell migration,GO:0030335,go-biological-process_GO:0030335_positive_regulation_of_cell_migration,1.92290539017736E-06,0,1,0,0,0,1,1,1,1,0,0,0,0,1,0,0,0,0,0,0,0,0,1,0,0,0,1,0,0,0
GO: Biological Process,positive regulation of cell motility,GO:2000147,go-biological-process_GO:2000147_positive_regulation_of_cell_motility,2.74970474852235E-06,0,1,0,0,0,1,1,1,1,0,0,0,0,1,0,0,0,0,0,0,0,0,1,0,0,0,1,0,0,0
GO: Biological Process,positive regulation of locomotion,GO:0040017,go-biological-process_GO:0040017_positive_regulation_of_locomotion,3.26590616590425E-06,0,1,0,0,0,1,1,1,1,0,0,0,0,1,0,0,0,0,0,0,0,0,1,0,0,0,1,0,0,0
GO: Biological Process,regulation of response to external stimulus,GO:0032101,go-biological-process_GO:0032101_regulation_of_response_to_external_stimulus,3.34549959238804E-06,0,1,0,1,0,0,0,0,1,0,0,1,0,1,1,0,0,1,0,0,0,0,1,0,0,0,1,0,1,0
GO: Biological Process,cellular response to oxygen-containing compound,GO:1901701,go-biological-process_GO:1901701_cellular_response_to_oxygen-containing_compound,7.96088053724273E-06,0,1,0,0,0,0,0,1,1,1,0,1,1,0,1,0,1,0,0,0,0,0,1,0,0,0,1,0,0,0
GO: Biological Process,response to other organism,GO:0051707,go-biological-process_GO:0051707_response_to_other_organism,7.98725726107905E-06,0,0,0,1,0,1,1,1,1,0,0,1,1,0,1,0,1,0,0,0,0,0,1,0,0,0,1,0,0,0
GO: Biological Process,response to external biotic stimulus,GO:0043207,go-biological-process_GO:0043207_response_to_external_biotic_stimulus,8.11584930763148E-06,0,0,0,1,0,1,1,1,1,0,0,1,1,0,1,0,1,0,0,0,0,0,1,0,0,0,1,0,0,0
GO: Biological Process,positive regulation of cytosolic calcium ion concentration,GO:0007204,go-biological-process_GO:0007204_positive_regulation_of_cytosolic_calcium_ion_con...,9.59732539928102E-06,1,0,0,0,0,0,0,0,0,1,0,0,1,0,1,0,1,0,0,0,0,0,0,0,0,0,0,0,0,0
GO: Biological Process,response to biotic stimulus,GO:0009607,go-biological-process_GO:0009607_response_to_biotic_stimulus,1.01698949200618E-05,0,0,0,1,0,1,1,1,1,0,0,1,1,0,1,0,1,0,0,0,0,0,1,0,0,0,1,0,0,0
GO: Biological Process,regulation of hydrolase activity,GO:0051336,go-biological-process_GO:0051336_regulation_of_hydrolase_activity,1.12612960424411E-05,0,1,0,0,0,1,1,0,0,1,0,0,0,1,0,0,0,0,0,0,0,1,1,0,0,0,0,0,1,0
GO: Biological Process,regulation of cell migration,GO:0030334,go-biological-process_GO:0030334_regulation_of_cell_migration,1.43851146544683E-05,0,1,0,0,1,1,1,1,1,0,0,0,0,1,0,0,0,0,0,0,0,0,1,0,0,0,1,0,0,0
GO: Biological Process,cell-cell signaling,GO:0007267,go-biological-process_GO:0007267_cell-cell_signaling,1.73676667346624E-05,0,1,0,1,0,1,1,1,0,1,0,1,0,0,0,1,0,0,0,0,0,0,1,1,0,0,0,0,0,0
GO: Biological Process,biological process involved in interspecies interaction between organisms,GO:0044419,go-biological-process_GO:0044419_biological_process_involved_in_interspecies_inte...,2.03647773350341E-05,0,0,0,1,0,1,1,1,1,0,0,1,1,0,1,0,1,0,0,0,0,0,1,0,0,0,1,0,0,0
GO: Biological Process,regulation of cell motility,GO:2000145,go-biological-process_GO:2000145_regulation_of_cell_motility,2.24172083968726E-05,0,1,0,0,1,1,1,1,1,0,0,0,0,1,0,0,0,0,0,0,0,0,1,0,0,0,1,0,0,0
GO: Biological Process,defense response to symbiont,GO:0140546,go-biological-process_GO:0140546_defense_response_to_symbiont,2.32687875590863E-05,0,0,0,1,0,1,1,0,1,0,0,1,1,0,1,0,1,0,0,0,0,0,0,0,0,0,1,0,0,0
GO: Biological Process,regulation of neutrophil mediated killing of symbiont cell,GO:0070949,go-biological-process_GO:0070949_regulation_of_neutrophil_mediated_killing_of_sym...,2.46726115562436E-05,0,0,0,0,0,0,0,0,0,0,0,1,0,0,1,0,0,0,0,0,0,0,0,0,0,0,0,0,0,0
GO: Biological Process,regulation of response to stress,GO:0080134,go-biological-process_GO:0080134_regulation_of_response_to_stress,2.7268977940788E-05,0,1,0,1,0,0,0,1,0,0,0,1,0,1,1,1,0,1,0,0,0,0,1,0,0,0,0,0,1,0
GO: Biological Process,regulation of locomotion,GO:0040012,go-biological-process_GO:0040012_regulation_of_locomotion,2.98646700515589E-05,0,1,0,0,1,1,1,1,1,0,0,0,0,1,0,0,0,0,0,0,0,0,1,0,0,0,1,0,0,0
GO: Biological Process,regulation of cytokine production,GO:0001817,go-biological-process_GO:0001817_regulation_of_cytokine_production,3.10157001714566E-05,0,1,0,1,0,0,1,1,0,0,0,1,0,1,0,0,0,0,0,0,0,1,1,0,0,0,0,0,0,0
GO: Biological Process,positive regulation of response to external stimulus,GO:0032103,go-biological-process_GO:0032103_positive_regulation_of_response_to_external_stim...,3.46359213542564E-05,0,1,0,1,0,0,0,0,1,0,0,0,0,1,1,0,0,0,0,0,0,0,1,0,0,0,1,0,0,0
GO: Biological Process,positive regulation of mitotic nuclear division,GO:0045840,go-biological-process_GO:0045840_positive_regulation_of_mitotic_nuclear_division,3.7630149524441E-05,0,1,0,1,0,0,0,1,0,0,0,0,0,0,0,0,0,0,0,0,0,0,0,0,0,0,0,0,0,0
GO: Biological Process,cellular response to lipid,GO:0071396,go-biological-process_GO:0071396_cellular_response_to_lipid,3.77436015372849E-05,0,0,0,0,0,0,0,1,1,0,0,1,1,0,1,0,1,0,0,0,0,0,0,0,0,0,1,0,0,0
GO: Biological Process,regulation of catalytic activity,GO:0050790,go-biological-process_GO:0050790_regulation_of_catalytic_activity,3.874324727162E-05,0,1,0,1,0,1,1,1,0,1,0,0,0,1,0,0,0,0,0,0,0,1,1,0,0,0,0,0,1,0
GO: Biological Process,cell killing,GO:0001906,go-biological-process_GO:0001906_cell_killing,4.36230850899408E-05,0,0,0,0,0,1,1,0,1,0,0,1,0,0,1,0,0,0,0,0,0,0,0,0,0,0,0,0,0,0
GO: Biological Process,regulation of neutrophil mediated cytotoxicity,GO:0070948,go-biological-process_GO:0070948_regulation_of_neutrophil_mediated_cytotoxicity,4.59811565307526E-05,0,0,0,0,0,0,0,0,0,0,0,1,0,0,1,0,0,0,0,0,0,0,0,0,0,0,0,0,0,0
GO: Biological Process,defense response to other organism,GO:0098542,go-biological-process_GO:0098542_defense_response_to_other_organism,4.74206271121245E-05,0,0,0,1,0,1,1,0,1,0,0,1,1,0,1,0,1,0,0,0,0,0,0,0,0,0,1,0,0,0
GO: Biological Process,cytokine production,GO:0001816,go-biological-process_GO:0001816_cytokine_production,5.37873361724687E-05,0,1,0,1,0,0,1,1,0,0,0,1,0,1,0,0,0,0,0,0,0,1,1,0,0,0,0,0,0,0
GO: Biological Process,positive regulation of chemotaxis,GO:0050921,go-biological-process_GO:0050921_positive_regulation_of_chemotaxis,6.14541088794412E-05,0,1,0,0,0,0,0,0,1,0,0,0,0,1,0,0,0,0,0,0,0,0,0,0,0,0,1,0,0,0
GO: Biological Process,regulation of endopeptidase activity,GO:0052548,go-biological-process_GO:0052548_regulation_of_endopeptidase_activity,6.32539200754783E-05,0,0,0,0,0,0,0,0,0,1,0,0,0,1,0,0,0,0,0,0,0,1,1,0,0,0,0,0,1,0
GO: Biological Process,response to lipid,GO:0033993,go-biological-process_GO:0033993_response_to_lipid,6.72706010266504E-05,0,0,0,0,0,0,0,1,1,0,0,1,1,0,1,0,1,0,0,0,0,0,1,0,0,0,1,0,0,0
GO: Biological Process,positive regulation of leukocyte migration,GO:0002687,go-biological-process_GO:0002687_positive_regulation_of_leukocyte_migration,8.23464329077229E-05,0,0,0,0,0,0,1,1,1,0,0,0,0,0,0,0,0,0,0,0,0,0,0,0,0,0,1,0,0,0
GO: Biological Process,positive regulation of cytokine production,GO:0001819,go-biological-process_GO:0001819_positive_regulation_of_cytokine_production,9.11773522480747E-05,0,0,0,1,0,0,1,1,0,0,0,0,0,1,0,0,0,0,0,0,0,1,1,0,0,0,0,0,0,0
GO: Biological Process,positive chemotaxis,GO:0050918,go-biological-process_GO:0050918_positive_chemotaxis,1.26845511099989E-04,0,1,0,0,0,0,0,0,0,0,0,0,0,1,0,0,0,0,0,0,0,0,0,0,0,0,1,0,0,0
GO: Biological Process,regulation of biological process involved in symbiotic interaction,GO:0043903,go-biological-process_GO:0043903_regulation_of_biological_process_involved_in_sym...,1.26845511099989E-04,0,0,0,0,0,0,0,0,0,0,0,1,0,0,1,0,0,0,0,0,0,0,0,0,0,0,1,0,0,0
GO: Biological Process,positive regulation of nuclear division,GO:0051785,go-biological-process_GO:0051785_positive_regulation_of_nuclear_division,1.26845511099989E-04,0,1,0,1,0,0,0,1,0,0,0,0,0,0,0,0,0,0,0,0,0,0,0,0,0,0,0,0,0,0
GO: Biological Process,fever generation,GO:0001660,go-biological-process_GO:0001660_fever_generation,1.48716032245452E-04,0,0,0,0,0,0,0,1,0,0,0,0,0,0,0,0,0,0,0,0,0,0,1,0,0,0,0,0,0,0
GO: Biological Process,regulation of killing of cells of another organism,GO:0051709,go-biological-process_GO:0051709_regulation_of_killing_of_cells_of_another_organism,1.48716032245452E-04,0,0,0,0,0,0,0,0,0,0,0,1,0,0,1,0,0,0,0,0,0,0,0,0,0,0,0,0,0,0
GO: Biological Process,cellular response to heat,GO:0034605,go-biological-process_GO:0034605_cellular_response_to_heat,1.59437119997094E-04,0,0,0,0,0,0,0,1,0,0,0,0,0,0,0,0,0,0,0,1,0,0,1,0,0,0,0,0,0,0
GO: Biological Process,regulation of peptidase activity,GO:0052547,go-biological-process_GO:0052547_regulation_of_peptidase_activity,1.62813876101994E-04,0,0,0,0,0,0,0,0,0,1,0,0,0,1,0,0,0,0,0,0,0,1,1,0,0,0,0,0,1,0
GO: Biological Process,negative regulation of calcium ion transport,GO:0051926,go-biological-process_GO:0051926_negative_regulation_of_calcium_ion_transport,2.32431314854018E-04,0,0,0,0,0,0,0,0,0,1,0,0,0,0,0,0,0,0,1,0,0,0,1,0,0,0,0,0,0,0
GO: Biological Process,angiogenesis,GO:0001525,go-biological-process_GO:0001525_angiogenesis,2.55666688885986E-04,1,0,0,1,0,0,0,1,0,0,0,0,0,1,0,0,0,0,0,0,0,0,1,0,0,0,1,0,0,0
GO: Biological Process,regulation of chemotaxis,GO:0050920,go-biological-process_GO:0050920_regulation_of_chemotaxis,2.62357855034748E-04,0,1,0,0,0,0,0,0,1,0,0,0,0,1,0,0,0,0,0,0,0,0,0,0,0,0,1,0,0,0
GO: Biological Process,neutrophil-mediated killing of symbiont cell,GO:0070943,go-biological-process_GO:0070943_neutrophil-mediated_killing_of_symbiont_cell,2.78329080731321E-04,0,0,0,0,0,0,0,0,0,0,0,1,0,0,1,0,0,0,0,0,0,0,0,0,0,0,0,0,0,0
GO: Biological Process,tube development,GO:0035295,go-biological-process_GO:0035295_tube_development,3.08544093342727E-04,1,1,0,1,0,0,0,1,0,0,0,0,0,1,0,1,0,0,0,0,0,0,1,0,0,0,1,0,0,0
GO: Biological Process,positive regulation of cell division,GO:0051781,go-biological-process_GO:0051781_positive_regulation_of_cell_division,3.33542927880669E-04,0,0,0,1,0,0,0,1,1,0,0,0,0,0,0,0,0,0,0,0,0,0,0,0,0,0,0,0,0,0
GO: Biological Process,neutrophil mediated cytotoxicity,GO:0070942,go-biological-process_GO:0070942_neutrophil_mediated_cytotoxicity,3.41256050959614E-04,0,0,0,0,0,0,0,0,0,0,0,1,0,0,1,0,0,0,0,0,0,0,0,0,0,0,0,0,0,0
GO: Biological Process,circulatory system development,GO:0072359,go-biological-process_GO:0072359_circulatory_system_development,3.73589297497494E-04,1,1,0,1,1,0,0,1,0,0,0,0,0,1,0,0,0,0,0,0,0,0,1,0,0,0,1,0,0,0
GO: Biological Process,prostaglandin secretion,GO:0032310,go-biological-process_GO:0032310_prostaglandin_secretion,3.75078677418508E-04,0,0,0,0,0,0,0,1,0,0,0,0,0,0,0,0,0,0,0,0,0,0,1,0,0,0,0,0,0,0
GO: Biological Process,positive regulation of gene expression,GO:0010628,go-biological-process_GO:0010628_positive_regulation_of_gene_expression,3.80671932462534E-04,0,1,0,1,0,0,1,1,0,0,0,0,0,1,0,0,0,0,0,0,0,1,1,0,0,0,1,0,0,0
GO: Biological Process,regulation of leukocyte migration,GO:0002685,go-biological-process_GO:0002685_regulation_of_leukocyte_migration,3.81065167044601E-04,0,0,0,0,0,0,1,1,1,0,0,0,0,0,0,0,0,0,0,0,0,0,0,0,0,0,1,0,0,0
GO: Biological Process,wound healing,GO:0042060,go-biological-process_GO:0042060_wound_healing,3.99366747701323E-04,0,0,0,1,0,0,0,1,0,0,0,0,0,1,0,1,0,0,0,0,0,0,0,0,0,0,0,0,1,0
GO: Biological Process,heat generation,GO:0031649,go-biological-process_GO:0031649_heat_generation,4.10468911992723E-04,0,0,0,0,0,0,0,1,0,0,0,0,0,0,0,0,0,0,0,0,0,0,1,0,0,0,0,0,0,0
GO: Biological Process,tube morphogenesis,GO:0035239,go-biological-process_GO:0035239_tube_morphogenesis,4.7749395787383E-04,1,1,0,1,0,0,0,1,0,0,0,0,0,1,0,0,0,0,0,0,0,0,1,0,0,0,1,0,0,0
GO: Biological Process,modulation of process of another organism,GO:0035821,go-biological-process_GO:0035821_modulation_of_process_of_another_organism,4.85936787855172E-04,0,0,0,0,0,0,0,0,0,0,0,1,0,0,1,0,0,0,0,0,0,0,0,0,0,0,0,0,0,0
GO: Biological Process,response to heat,GO:0009408,go-biological-process_GO:0009408_response_to_heat,5.1971136621174E-04,0,0,0,0,0,0,0,1,0,0,0,0,0,0,0,0,0,0,0,1,0,0,1,0,0,0,0,0,0,0
GO: Biological Process,blood vessel morphogenesis,GO:0048514,go-biological-process_GO:0048514_blood_vessel_morphogenesis,5.49526570259951E-04,1,0,0,1,0,0,0,1,0,0,0,0,0,1,0,0,0,0,0,0,0,0,1,0,0,0,1,0,0,0
GO: Biological Process,positive regulation of positive chemotaxis,GO:0050927,go-biological-process_GO:0050927_positive_regulation_of_positive_chemotaxis,6.55514621092093E-04,0,0,0,0,0,0,0,0,0,0,0,0,0,1,0,0,0,0,0,0,0,0,0,0,0,0,1,0,0,0
GO: Biological Process,positive regulation of cell population proliferation,GO:0008284,go-biological-process_GO:0008284_positive_regulation_of_cell_population_prolifera...,6.68987604045022E-04,0,0,0,1,0,0,0,1,0,1,0,1,0,1,1,0,0,0,0,0,0,0,1,0,0,0,0,0,0,0
GO: Biological Process,regulation of mitotic nuclear division,GO:0007088,go-biological-process_GO:0007088_regulation_of_mitotic_nuclear_division,6.99619249379432E-04,0,1,0,1,0,0,0,1,0,0,0,0,0,0,0,0,0,0,0,0,0,0,0,0,0,0,0,0,0,0
GO: Biological Process,regulation of positive chemotaxis,GO:0050926,go-biological-process_GO:0050926_regulation_of_positive_chemotaxis,7.01770519757061E-04,0,0,0,0,0,0,0,0,0,0,0,0,0,1,0,0,0,0,0,0,0,0,0,0,0,0,1,0,0,0
GO: Biological Process,epithelial cell differentiation,GO:0030855,go-biological-process_GO:0030855_epithelial_cell_differentiation,7.65206536179721E-04,1,1,0,1,0,0,0,1,0,0,0,0,0,0,0,1,0,0,0,0,0,0,1,0,0,0,0,0,0,0
GO: Biological Process,positive regulation of vascular endothelial growth factor production,GO:0010575,go-biological-process_GO:0010575_positive_regulation_of_vascular_endothelial_grow...,7.98889359427466E-04,0,0,0,0,0,0,0,1,0,0,0,0,0,0,0,0,0,0,0,0,0,0,1,0,0,0,0,0,0,0
GO: Biological Process,acute inflammatory response,GO:0002526,go-biological-process_GO:0002526_acute_inflammatory_response,8.4483412029852E-04,0,0,0,0,0,0,0,1,0,0,0,0,0,1,0,0,0,0,0,0,0,0,1,0,0,0,0,0,0,0
GO: Biological Process,prostaglandin transport,GO:0015732,go-biological-process_GO:0015732_prostaglandin_transport,9.02125607371027E-04,0,0,0,0,0,0,0,1,0,0,0,0,0,0,0,0,0,0,0,0,0,0,1,0,0,0,0,0,0,0
GO: Biological Process,regulation of cellular response to oxidative stress,GO:1900407,go-biological-process_GO:1900407_regulation_of_cellular_response_to_oxidative_str...,9.02125607371027E-04,0,1,0,0,0,0,0,0,0,0,0,0,0,0,0,1,0,0,0,0,0,0,0,0,0,0,0,0,0,0
GO: Biological Process,negative regulation of endopeptidase activity,GO:0010951,go-biological-process_GO:0010951_negative_regulation_of_endopeptidase_activity,9.88912186048055E-04,0,0,0,0,0,0,0,0,0,1,0,0,0,0,0,0,0,0,0,0,0,0,1,0,0,0,0,0,1,0
GO: Biological Process,positive regulation of smooth muscle contraction,GO:0045987,go-biological-process_GO:0045987_positive_regulation_of_smooth_muscle_contraction,0.001011448979179370,1,0,0,0,0,0,0,0,0,0,0,0,0,0,0,0,0,0,0,0,0,0,1,0,0,0,0,0,0,0
GO: Biological Process,positive regulation of granulocyte chemotaxis,GO:0071624,go-biological-process_GO:0071624_positive_regulation_of_granulocyte_chemotaxis,0.001011448979179370,0,0,0,0,0,0,0,0,1,0,0,0,0,0,0,0,0,0,0,0,0,0,0,0,0,0,1,0,0,0
GO: Biological Process,regulation of transforming growth factor beta production,GO:0071634,go-biological-process_GO:0071634_regulation_of_transforming_growth_factor_beta_pr...,0.001068383901812500,0,1,0,0,0,0,0,0,0,0,0,0,0,0,0,0,0,0,0,0,0,0,1,0,0,0,0,0,0,0
GO: Biological Process,blood vessel development,GO:0001568,go-biological-process_GO:0001568_blood_vessel_development,0.0010774811525093800,1,0,0,1,0,0,0,1,0,0,0,0,0,1,0,0,0,0,0,0,0,0,1,0,0,0,1,0,0,0
GO: Biological Process,killing by host of symbiont cells,GO:0051873,go-biological-process_GO:0051873_killing_by_host_of_symbiont_cells,0.0011268292970186600,0,0,0,0,0,0,0,0,0,0,0,1,0,0,1,0,0,0,0,0,0,0,0,0,0,0,0,0,0,0
GO: Biological Process,response to ATP,GO:0033198,go-biological-process_GO:0033198_response_to_ATP,0.0012482364892374200,0,0,0,0,0,0,0,0,0,0,0,0,0,0,0,0,0,1,0,0,0,0,1,0,0,0,0,0,0,0
GO: Biological Process,transforming growth factor beta production,GO:0071604,go-biological-process_GO:0071604_transforming_growth_factor_beta_production,0.0012482364892374200,0,1,0,0,0,0,0,0,0,0,0,0,0,0,0,0,0,0,0,0,0,0,1,0,0,0,0,0,0,0
GO: Biological Process,regulation of cysteine metabolic process,GO:1901494,go-biological-process_GO:1901494_regulation_of_cysteine_metabolic_process,0.0013090274411178100,0,0,0,0,0,0,0,0,0,0,0,0,0,0,0,1,0,0,0,0,0,0,0,0,0,0,0,0,0,0
GO: Biological Process,adenosine biosynthetic process,GO:0046086,go-biological-process_GO:0046086_adenosine_biosynthetic_process,0.0013090274411178100,0,0,0,0,0,0,0,0,0,0,0,0,0,0,0,0,0,1,0,0,0,0,0,0,0,0,0,0,0,0
GO: Biological Process,cellular response to non-ionic osmotic stress,GO:0071471,go-biological-process_GO:0071471_cellular_response_to_non-ionic_osmotic_stress,0.0013090274411178100,0,0,0,0,0,0,0,0,0,0,0,0,0,0,0,0,0,0,0,0,0,0,1,0,0,0,0,0,0,0
GO: Biological Process,cellular response to homocysteine,GO:1905375,go-biological-process_GO:1905375_cellular_response_to_homocysteine,0.0013090274411178100,0,0,0,0,0,0,0,0,0,0,0,0,0,0,0,0,0,0,0,0,0,0,1,0,0,0,0,0,0,0
GO: Biological Process,response to homocysteine,GO:1905374,go-biological-process_GO:1905374_response_to_homocysteine,0.0013090274411178100,0,0,0,0,0,0,0,0,0,0,0,0,0,0,0,0,0,0,0,0,0,0,1,0,0,0,0,0,0,0
GO: Biological Process,negative regulation of establishment of Sertoli cell barrier,GO:1904445,go-biological-process_GO:1904445_negative_regulation_of_establishment_of_Sertoli_...,0.0013090274411178100,0,0,0,0,0,0,0,1,0,0,0,0,0,0,0,0,0,0,0,0,0,0,0,0,0,0,0,0,0,0
GO: Biological Process,L-kynurenine transmembrane transport,GO:0140924,go-biological-process_GO:0140924_L-kynurenine_transmembrane_transport,0.0013090274411178100,0,0,0,0,0,0,0,0,0,0,0,0,0,0,0,1,0,0,0,0,0,0,0,0,0,0,0,0,0,0
GO: Biological Process,response to non-ionic osmotic stress,GO:0010335,go-biological-process_GO:0010335_response_to_non-ionic_osmotic_stress,0.0013090274411178100,0,0,0,0,0,0,0,0,0,0,0,0,0,0,0,0,0,0,0,0,0,0,1,0,0,0,0,0,0,0
GO: Biological Process,skin development,GO:0043588,go-biological-process_GO:0043588_skin_development,0.0013288437962895300,0,1,0,1,0,0,0,1,0,0,0,0,0,0,0,0,0,0,0,0,0,0,1,0,0,0,0,0,0,0
GO: Biological Process,vasculature development,GO:0001944,go-biological-process_GO:0001944_vasculature_development,0.0013398580625956500,1,0,0,1,0,0,0,1,0,0,0,0,0,1,0,0,0,0,0,0,0,0,1,0,0,0,1,0,0,0
GO: Biological Process,negative regulation of monoatomic ion transport,GO:0043271,go-biological-process_GO:0043271_negative_regulation_of_monoatomic_ion_transport,0.0014147367439815900,0,0,0,0,0,0,0,0,0,1,0,0,0,0,0,0,0,0,1,0,0,0,1,0,0,0,0,0,0,0
GO: Biological Process,regulation of nuclear division,GO:0051783,go-biological-process_GO:0051783_regulation_of_nuclear_division,0.001438598151742690,0,1,0,1,0,0,0,1,0,0,0,0,0,0,0,0,0,0,0,0,0,0,0,0,0,0,0,0,0,0
GO: Biological Process,response to wounding,GO:0009611,go-biological-process_GO:0009611_response_to_wounding,0.0014762387861241000,0,0,0,1,0,0,0,1,0,0,0,0,0,1,0,1,0,0,0,0,0,0,0,0,0,0,0,0,1,0
GO: Biological Process,regulation of response to oxidative stress,GO:1902882,go-biological-process_GO:1902882_regulation_of_response_to_oxidative_stress,0.0017201916191957800,0,1,0,0,0,0,0,0,0,0,0,0,0,0,0,1,0,0,0,0,0,0,0,0,0,0,0,0,0,0
GO: Biological Process,positive regulation of neutrophil migration,GO:1902624,go-biological-process_GO:1902624_positive_regulation_of_neutrophil_migration,0.0017201916191957800,0,0,0,0,0,0,0,1,0,0,0,0,0,0,0,0,0,0,0,0,0,0,0,0,0,0,1,0,0,0
GO: Biological Process,neutrophil mediated immunity,GO:0002446,go-biological-process_GO:0002446_neutrophil_mediated_immunity,0.0017935362688754500,0,0,0,0,0,0,0,0,0,0,0,1,0,0,1,0,0,0,0,0,0,0,0,0,0,0,0,0,0,0
GO: Biological Process,positive regulation of catalytic activity,GO:0043085,go-biological-process_GO:0043085_positive_regulation_of_catalytic_activity,0.0018138133942384300,0,1,0,1,0,1,1,0,0,0,0,0,0,1,0,0,0,0,0,0,0,1,0,0,0,0,0,0,0,0
GO: Biological Process,regulation of immune system process,GO:0002682,go-biological-process_GO:0002682_regulation_of_immune_system_process,0.0018437526612867600,0,0,0,1,0,0,1,1,1,0,0,1,0,0,1,1,0,0,0,0,0,0,0,0,0,0,1,0,0,0
GO: Biological Process,keratinocyte differentiation,GO:0030216,go-biological-process_GO:0030216_keratinocyte_differentiation,0.0018836694322709400,0,0,0,1,0,0,0,1,0,0,0,0,0,0,0,0,0,0,0,0,0,0,1,0,0,0,0,0,0,0
GO: Biological Process,regulation of cell division,GO:0051302,go-biological-process_GO:0051302_regulation_of_cell_division,0.0022443495278052300,0,0,0,1,0,0,0,1,1,0,0,0,0,0,0,0,0,0,0,0,0,0,0,0,0,0,0,0,0,0
GO: Biological Process,icosanoid secretion,GO:0032309,go-biological-process_GO:0032309_icosanoid_secretion,0.0024328877071070200,0,0,0,0,0,0,0,1,0,0,0,0,0,0,0,0,0,0,0,0,0,0,1,0,0,0,0,0,0,0
GO: Biological Process,regulation of body fluid levels,GO:0050878,go-biological-process_GO:0050878_regulation_of_body_fluid_levels,0.0024698300954282700,0,0,0,0,0,0,0,0,0,1,0,0,0,1,0,1,0,0,0,0,0,0,0,0,0,0,0,0,1,0
GO: Biological Process,response to temperature stimulus,GO:0009266,go-biological-process_GO:0009266_response_to_temperature_stimulus,0.002473256441881870,0,0,0,0,0,0,0,1,0,0,0,0,0,0,0,0,0,0,0,1,0,0,1,0,0,0,0,0,0,0
GO: Biological Process,negative regulation of peptidase activity,GO:0010466,go-biological-process_GO:0010466_negative_regulation_of_peptidase_activity,0.002541218850582980,0,0,0,0,0,0,0,0,0,1,0,0,0,0,0,0,0,0,0,0,0,0,1,0,0,0,0,0,1,0
GO: Biological Process,regulation of proteolysis,GO:0030162,go-biological-process_GO:0030162_regulation_of_proteolysis,0.002572287822313410,0,0,0,0,0,0,0,0,0,1,0,0,0,1,0,0,0,0,0,0,0,1,1,0,0,0,0,0,1,0
GO: Biological Process,positive regulation of DNA replication,GO:0045740,go-biological-process_GO:0045740_positive_regulation_of_DNA_replication,0.002607200913312250,0,1,0,1,0,0,0,0,0,0,0,0,0,0,0,0,0,0,0,0,0,0,0,0,0,0,0,0,0,0
GO: Biological Process,regulation of interleukin-6 production,GO:0032675,go-biological-process_GO:0032675_regulation_of_interleukin-6_production,0.00261033173599838,0,1,0,1,0,0,0,1,0,0,0,0,0,0,0,0,0,0,0,0,0,0,0,0,0,0,0,0,0,0
GO: Biological Process,epicardium-derived cardiac endothelial cell differentiation,GO:0003349,go-biological-process_GO:0003349_epicardium-derived_cardiac_endothelial_cell_diff...,0.00261640471426404,1,0,0,0,0,0,0,0,0,0,0,0,0,0,0,0,0,0,0,0,0,0,0,0,0,0,0,0,0,0
GO: Biological Process,positive regulation of platelet-derived growth factor production,GO:0090362,go-biological-process_GO:0090362_positive_regulation_of_platelet-derived_growth_f...,0.00261640471426404,0,0,0,0,0,0,0,0,0,0,0,0,0,0,0,0,0,0,0,0,0,0,1,0,0,0,0,0,0,0
GO: Biological Process,epicardium-derived cardiac vascular smooth muscle cell differentiation,GO:0060983,go-biological-process_GO:0060983_epicardium-derived_cardiac_vascular_smooth_muscl...,0.00261640471426404,1,0,0,0,0,0,0,0,0,0,0,0,0,0,0,0,0,0,0,0,0,0,0,0,0,0,0,0,0,0
GO: Biological Process,primary follicle stage,GO:0048160,go-biological-process_GO:0048160_primary_follicle_stage,0.00261640471426404,0,0,0,1,0,0,0,0,0,0,0,0,0,0,0,0,0,0,0,0,0,0,0,0,0,0,0,0,0,0
GO: Biological Process,negative regulation of nitric oxide mediated signal transduction,GO:0010751,go-biological-process_GO:0010751_negative_regulation_of_nitric_oxide_mediated_sig...,0.00261640471426404,0,0,0,0,0,0,0,0,0,1,0,0,0,0,0,0,0,0,0,0,0,0,0,0,0,0,0,0,0,0
GO: Biological Process,acute-phase response,GO:0006953,go-biological-process_GO:0006953_acute-phase_response,0.0026965088004000900,0,0,0,0,0,0,0,1,0,0,0,0,0,0,0,0,0,0,0,0,0,0,1,0,0,0,0,0,0,0
GO: Biological Process,positive regulation of muscle contraction,GO:0045933,go-biological-process_GO:0045933_positive_regulation_of_muscle_contraction,0.0026965088004000900,1,0,0,0,0,0,0,0,0,0,0,0,0,0,0,0,0,0,0,0,0,0,1,0,0,0,0,0,0,0
GO: Biological Process,regulation of neutrophil migration,GO:1902622,go-biological-process_GO:1902622_regulation_of_neutrophil_migration,0.0026965088004000900,0,0,0,0,0,0,0,1,0,0,0,0,0,0,0,0,0,0,0,0,0,0,0,0,0,0,1,0,0,0
GO: Biological Process,epidermis development,GO:0008544,go-biological-process_GO:0008544_epidermis_development,0.0028751373749510300,0,1,0,1,0,0,0,1,0,0,0,0,0,0,0,0,0,0,0,0,0,0,1,0,0,0,0,0,0,0
GO: Biological Process,positive regulation of angiogenesis,GO:0045766,go-biological-process_GO:0045766_positive_regulation_of_angiogenesis,0.0028984212245502100,0,0,0,0,0,0,0,1,0,0,0,0,0,1,0,0,0,0,0,0,0,0,0,0,0,0,1,0,0,0
GO: Biological Process,interleukin-6 production,GO:0032635,go-biological-process_GO:0032635_interleukin-6_production,0.002935755186711720,0,1,0,1,0,0,0,1,0,0,0,0,0,0,0,0,0,0,0,0,0,0,0,0,0,0,0,0,0,0
GO: Biological Process,positive regulation of vasculature development,GO:1904018,go-biological-process_GO:1904018_positive_regulation_of_vasculature_development,0.0030113138161607100,0,0,0,0,0,0,0,1,0,0,0,0,0,1,0,0,0,0,0,0,0,0,0,0,0,0,1,0,0,0
GO: Biological Process,lipid export from cell,GO:0140353,go-biological-process_GO:0140353_lipid_export_from_cell,0.0031644165189351900,0,0,0,0,0,0,0,1,0,0,0,0,0,0,0,0,0,0,0,0,0,0,1,0,0,0,0,0,0,0
GO: Biological Process,regulation of granulocyte chemotaxis,GO:0071622,go-biological-process_GO:0071622_regulation_of_granulocyte_chemotaxis,0.003262246522685320,0,0,0,0,0,0,0,0,1,0,0,0,0,0,0,0,0,0,0,0,0,0,0,0,0,0,1,0,0,0
GO: Biological Process,response to oxidative stress,GO:0006979,go-biological-process_GO:0006979_response_to_oxidative_stress,0.0032747412034494400,0,1,0,0,0,0,0,1,0,0,0,0,0,0,0,1,0,0,0,0,0,0,1,0,0,0,0,0,0,0
GO: Biological Process,regulation of vascular endothelial growth factor production,GO:0010574,go-biological-process_GO:0010574_regulation_of_vascular_endothelial_growth_factor...,0.003361484310730280,0,0,0,0,0,0,0,1,0,0,0,0,0,0,0,0,0,0,0,0,0,0,1,0,0,0,0,0,0,0
GO: Biological Process,negative regulation of programmed cell death,GO:0043069,go-biological-process_GO:0043069_negative_regulation_of_programmed_cell_death,0.003493143758048780,1,1,0,0,0,0,0,1,0,0,0,0,0,0,0,1,0,0,0,0,0,0,1,0,0,0,0,0,1,0
GO: Biological Process,regulation of cysteine-type endopeptidase activity,GO:2000116,go-biological-process_GO:2000116_regulation_of_cysteine-type_endopeptidase_activity,0.0036164536636666100,0,0,0,0,0,0,0,0,0,0,0,0,0,1,0,0,0,0,0,0,0,1,1,0,0,0,0,0,0,0
GO: Biological Process,regulation of metal ion transport,GO:0010959,go-biological-process_GO:0010959_regulation_of_metal_ion_transport,0.00365766509901125,0,0,0,0,0,0,0,0,0,1,0,0,0,0,1,0,0,0,1,0,0,0,1,0,0,0,0,0,0,0
GO: Biological Process,vascular endothelial growth factor production,GO:0010573,go-biological-process_GO:0010573_vascular_endothelial_growth_factor_production,0.003772441920319040,0,0,0,0,0,0,0,1,0,0,0,0,0,0,0,0,0,0,0,0,0,0,1,0,0,0,0,0,0,0
GO: Biological Process,positive regulation of hydrolase activity,GO:0051345,go-biological-process_GO:0051345_positive_regulation_of_hydrolase_activity,0.003819056193209350,0,0,0,0,0,1,1,0,0,0,0,0,0,1,0,0,0,0,0,0,0,1,0,0,0,0,0,0,0,0
GO: Biological Process,multicellular organismal reproductive process,GO:0048609,go-biological-process_GO:0048609_multicellular_organismal_reproductive_process,0.0038464725886703600,1,0,1,1,0,0,0,1,0,1,0,0,0,0,0,0,0,0,0,0,0,0,1,0,0,0,0,0,0,0
GO: Biological Process,regulation of neutrophil mediated killing of gram-negative bacterium,GO:0070951,go-biological-process_GO:0070951_regulation_of_neutrophil_mediated_killing_of_gra...,0.0039221338198338900,0,0,0,0,0,0,0,0,0,0,0,1,0,0,0,0,0,0,0,0,0,0,0,0,0,0,0,0,0,0
GO: Biological Process,regulation of neutrophil mediated killing of bacterium,GO:0070950,go-biological-process_GO:0070950_regulation_of_neutrophil_mediated_killing_of_bac...,0.0039221338198338900,0,0,0,0,0,0,0,0,0,0,0,1,0,0,0,0,0,0,0,0,0,0,0,0,0,0,0,0,0,0
GO: Biological Process,regulation of neutrophil mediated killing of fungus,GO:0070953,go-biological-process_GO:0070953_regulation_of_neutrophil_mediated_killing_of_fun...,0.0039221338198338900,0,0,0,0,0,0,0,0,0,0,0,0,0,0,1,0,0,0,0,0,0,0,0,0,0,0,0,0,0,0
GO: Biological Process,positive regulation of neutrophil mediated killing of fungus,GO:0070965,go-biological-process_GO:0070965_positive_regulation_of_neutrophil_mediated_killi...,0.0039221338198338900,0,0,0,0,0,0,0,0,0,0,0,0,0,0,1,0,0,0,0,0,0,0,0,0,0,0,0,0,0,0
GO: Biological Process,platelet-derived growth factor production,GO:0090360,go-biological-process_GO:0090360_platelet-derived_growth_factor_production,0.0039221338198338900,0,0,0,0,0,0,0,0,0,0,0,0,0,0,0,0,0,0,0,0,0,0,1,0,0,0,0,0,0,0
GO: Biological Process,regulation of platelet-derived growth factor production,GO:0090361,go-biological-process_GO:0090361_regulation_of_platelet-derived_growth_factor_pro...,0.0039221338198338900,0,0,0,0,0,0,0,0,0,0,0,0,0,0,0,0,0,0,0,0,0,0,1,0,0,0,0,0,0,0
GO: Biological Process,regulation of glutathione biosynthetic process,GO:1903786,go-biological-process_GO:1903786_regulation_of_glutathione_biosynthetic_process,0.0039221338198338900,0,0,0,0,0,0,0,0,0,0,0,0,0,0,0,1,0,0,0,0,0,0,0,0,0,0,0,0,0,0
GO: Biological Process,regulation of thrombin-activated receptor signaling pathway,GO:0070494,go-biological-process_GO:0070494_regulation_of_thrombin-activated_receptor_signal...,0.0039221338198338900,0,1,0,0,0,0,0,0,0,0,0,0,0,0,0,0,0,0,0,0,0,0,0,0,0,0,0,0,0,0
GO: Biological Process,negative regulation of thrombin-activated receptor signaling pathway,GO:0070495,go-biological-process_GO:0070495_negative_regulation_of_thrombin-activated_recept...,0.0039221338198338900,0,1,0,0,0,0,0,0,0,0,0,0,0,0,0,0,0,0,0,0,0,0,0,0,0,0,0,0,0,0
GO: Biological Process,regulation of establishment of Sertoli cell barrier,GO:1904444,go-biological-process_GO:1904444_regulation_of_establishment_of_Sertoli_cell_barr...,0.0039221338198338900,0,0,0,0,0,0,0,1,0,0,0,0,0,0,0,0,0,0,0,0,0,0,0,0,0,0,0,0,0,0
GO: Biological Process,activation of blood coagulation via clotting cascade,GO:0002543,go-biological-process_GO:0002543_activation_of_blood_coagulation_via_clotting_cas...,0.0039221338198338900,0,0,0,0,0,0,0,0,0,0,0,0,0,1,0,0,0,0,0,0,0,0,0,0,0,0,0,0,0,0
GO: Biological Process,activation of plasma proteins involved in acute inflammatory response,GO:0002541,go-biological-process_GO:0002541_activation_of_plasma_proteins_involved_in_acute_...,0.0039221338198338900,0,0,0,0,0,0,0,0,0,0,0,0,0,1,0,0,0,0,0,0,0,0,0,0,0,0,0,0,0,0
GO: Biological Process,icosanoid transport,GO:0071715,go-biological-process_GO:0071715_icosanoid_transport,0.004095267367089800,0,0,0,0,0,0,0,1,0,0,0,0,0,0,0,0,0,0,0,0,0,0,1,0,0,0,0,0,0,0
GO: Biological Process,developmental process involved in reproduction,GO:0003006,go-biological-process_GO:0003006_developmental_process_involved_in_reproduction,0.004542175353675410,1,0,1,1,0,0,0,1,0,1,0,0,0,0,0,0,0,0,0,0,0,0,1,0,0,0,0,0,0,0
GO: Biological Process,blood coagulation,GO:0007596,go-biological-process_GO:0007596_blood_coagulation,0.0046306331053942100,0,0,0,0,0,0,0,0,0,0,0,0,0,1,0,1,0,0,0,0,0,0,0,0,0,0,0,0,1,0
GO: Biological Process,positive regulation of immune system process,GO:0002684,go-biological-process_GO:0002684_positive_regulation_of_immune_system_process,0.004669777083217220,0,0,0,1,0,0,1,1,1,0,0,0,0,0,1,0,0,0,0,0,0,0,0,0,0,0,1,0,0,0
GO: Biological Process,regulation of smooth muscle contraction,GO:0006940,go-biological-process_GO:0006940_regulation_of_smooth_muscle_contraction,0.004778066377022890,1,0,0,0,0,0,0,0,0,0,0,0,0,0,0,0,0,0,0,0,0,0,1,0,0,0,0,0,0,0
GO: Biological Process,coagulation,GO:0050817,go-biological-process_GO:0050817_coagulation,0.004934199099588160,0,0,0,0,0,0,0,0,0,0,0,0,0,1,0,1,0,0,0,0,0,0,0,0,0,0,0,0,1,0
GO: Biological Process,negative regulation of G protein-coupled receptor signaling pathway,GO:0045744,go-biological-process_GO:0045744_negative_regulation_of_G_protein-coupled_recepto...,0.005016569952585290,0,1,0,0,0,0,0,0,0,0,0,0,0,0,0,0,0,0,0,0,0,0,0,0,0,0,1,0,0,0
GO: Biological Process,regulation of myeloid leukocyte mediated immunity,GO:0002886,go-biological-process_GO:0002886_regulation_of_myeloid_leukocyte_mediated_immunity,0.005016569952585290,0,0,0,0,0,0,0,0,0,0,0,1,0,0,1,0,0,0,0,0,0,0,0,0,0,0,0,0,0,0
GO: Biological Process,hemostasis,GO:0007599,go-biological-process_GO:0007599_hemostasis,0.005038008454338060,0,0,0,0,0,0,0,0,0,0,0,0,0,1,0,1,0,0,0,0,0,0,0,0,0,0,0,0,1,0
GO: Biological Process,positive regulation of neutrophil mediated cytotoxicity,GO:0070960,go-biological-process_GO:0070960_positive_regulation_of_neutrophil_mediated_cytot...,0.005226216755773800,0,0,0,0,0,0,0,0,0,0,0,0,0,0,1,0,0,0,0,0,0,0,0,0,0,0,0,0,0,0
GO: Biological Process,positive regulation of neutrophil mediated killing of symbiont cell,GO:0070961,go-biological-process_GO:0070961_positive_regulation_of_neutrophil_mediated_killi...,0.005226216755773800,0,0,0,0,0,0,0,0,0,0,0,0,0,0,1,0,0,0,0,0,0,0,0,0,0,0,0,0,0,0
GO: Biological Process,regulation of sulfur amino acid metabolic process,GO:0031335,go-biological-process_GO:0031335_regulation_of_sulfur_amino_acid_metabolic_process,0.005226216755773800,0,0,0,0,0,0,0,0,0,0,0,0,0,0,0,1,0,0,0,0,0,0,0,0,0,0,0,0,0,0
GO: Biological Process,positive regulation of pancreatic juice secretion,GO:0090187,go-biological-process_GO:0090187_positive_regulation_of_pancreatic_juice_secretion,0.005226216755773800,0,0,0,0,0,0,0,0,0,1,0,0,0,0,0,0,0,0,0,0,0,0,0,0,0,0,0,0,0,0
GO: Biological Process,ovarian cumulus expansion,GO:0001550,go-biological-process_GO:0001550_ovarian_cumulus_expansion,0.005226216755773800,0,0,0,1,0,0,0,0,0,0,0,0,0,0,0,0,0,0,0,0,0,0,0,0,0,0,0,0,0,0
GO: Biological Process,regulation of glutamate metabolic process,GO:2000211,go-biological-process_GO:2000211_regulation_of_glutamate_metabolic_process,0.005226216755773800,0,0,0,0,0,0,0,0,0,0,0,0,0,0,0,1,0,0,0,0,0,0,0,0,0,0,0,0,0,0
GO: Biological Process,epidermal cell differentiation,GO:0009913,go-biological-process_GO:0009913_epidermal_cell_differentiation,0.005916354448416950,0,0,0,1,0,0,0,1,0,0,0,0,0,0,0,0,0,0,0,0,0,0,1,0,0,0,0,0,0,0
GO: Biological Process,regulation of blood coagulation,GO:0030193,go-biological-process_GO:0030193_regulation_of_blood_coagulation,0.006289615488247970,0,0,0,0,0,0,0,0,0,0,0,0,0,1,0,0,0,0,0,0,0,0,0,0,0,0,0,0,1,0
GO: Biological Process,regulation of monoatomic ion transport,GO:0043269,go-biological-process_GO:0043269_regulation_of_monoatomic_ion_transport,0.0063786562722913300,0,0,0,0,0,0,0,0,0,1,0,0,0,0,1,0,0,0,1,0,0,0,1,0,0,0,0,0,0,0
GO: Biological Process,cellular response to lead ion,GO:0071284,go-biological-process_GO:0071284_cellular_response_to_lead_ion,0.006528655517773620,0,0,0,0,0,0,0,0,0,0,0,0,0,0,0,0,0,0,0,0,0,0,1,0,0,0,0,0,0,0
GO: Biological Process,"negative regulation of synaptic transmission, dopaminergic",GO:0032227,"go-biological-process_GO:0032227_negative_regulation_of_synaptic_transmission,_do...",0.006528655517773620,0,0,0,0,0,0,0,0,0,0,0,0,0,0,0,0,0,0,0,0,0,0,1,0,0,0,0,0,0,0
GO: Biological Process,response to L-ascorbic acid,GO:0033591,go-biological-process_GO:0033591_response_to_L-ascorbic_acid,0.006528655517773620,0,0,0,0,0,0,0,1,0,0,0,0,0,0,0,0,0,0,0,0,0,0,0,0,0,0,0,0,0,0
GO: Biological Process,oligopeptide import across plasma membrane,GO:0140205,go-biological-process_GO:0140205_oligopeptide_import_across_plasma_membrane,0.006528655517773620,0,0,0,0,0,0,0,0,0,0,0,0,0,0,0,1,0,0,0,0,0,0,0,0,0,0,0,0,0,0
GO: Biological Process,dipeptide import across plasma membrane,GO:0140206,go-biological-process_GO:0140206_dipeptide_import_across_plasma_membrane,0.006528655517773620,0,0,0,0,0,0,0,0,0,0,0,0,0,0,0,1,0,0,0,0,0,0,0,0,0,0,0,0,0,0
GO: Biological Process,negative regulation of intrinsic apoptotic signaling pathway in response to osmotic stress,GO:1902219,go-biological-process_GO:1902219_negative_regulation_of_intrinsic_apoptotic_signa...,0.006528655517773620,0,0,0,0,0,0,0,0,0,0,0,0,0,0,0,0,0,0,0,0,0,0,1,0,0,0,0,0,0,0
GO: Biological Process,ERBB2-ERBB4 signaling pathway,GO:0038135,go-biological-process_GO:0038135_ERBB2-ERBB4_signaling_pathway,0.006528655517773620,0,0,0,1,0,0,0,0,0,0,0,0,0,0,0,0,0,0,0,0,0,0,0,0,0,0,0,0,0,0
GO: Biological Process,regulation of branching involved in salivary gland morphogenesis by mesenchymal-epithelial signaling,GO:0060665,go-biological-process_GO:0060665_regulation_of_branching_involved_in_salivary_gla...,0.006528655517773620,0,1,0,0,0,0,0,0,0,0,0,0,0,0,0,0,0,0,0,0,0,0,0,0,0,0,0,0,0,0
GO: Biological Process,response to ozone,GO:0010193,go-biological-process_GO:0010193_response_to_ozone,0.006528655517773620,0,0,0,0,0,0,0,1,0,0,0,0,0,0,0,0,0,0,0,0,0,0,0,0,0,0,0,0,0,0
GO: Biological Process,negative regulation of guanyl-nucleotide exchange factor activity,GO:1905098,go-biological-process_GO:1905098_negative_regulation_of_guanyl-nucleotide_exchang...,0.006528655517773620,0,1,0,0,0,0,0,0,0,0,0,0,0,0,0,0,0,0,0,0,0,0,0,0,0,0,0,0,0,0
GO: Biological Process,regulation of hemostasis,GO:1900046,go-biological-process_GO:1900046_regulation_of_hemostasis,0.006560137159079550,0,0,0,0,0,0,0,0,0,0,0,0,0,1,0,0,0,0,0,0,0,0,0,0,0,0,0,0,1,0
Human Phenotype,Epigastric pain,HP:0410019,human-phenotype_HP:0410019_Epigastric_pain,5.06797465040782E-05,0,1,0,0,0,0,0,0,0,1,0,0,0,0,0,0,0,0,0,0,0,0,0,0,0,0,0,0,0,0
Domain,SCY,SM00199,domain_SM00199_SCY,4.88424062928722E-16,0,0,0,0,0,1,1,0,1,0,0,1,1,0,1,0,1,0,0,0,0,0,0,0,0,0,1,0,0,0
Domain,Chemokine_IL8-like_dom,IPR001811,domain_IPR001811_Chemokine_IL8-like_dom,7.32153165314016E-16,0,0,0,0,0,1,1,0,1,0,0,1,1,0,1,0,1,0,0,0,0,0,0,0,0,0,1,0,0,0
Domain,IL8,PF00048,domain_PF00048_IL8,7.32153165314016E-16,0,0,0,0,0,1,1,0,1,0,0,1,1,0,1,0,1,0,0,0,0,0,0,0,0,0,1,0,0,0
Domain,Chemokine_CXC_CS,IPR018048,domain_IPR018048_Chemokine_CXC_CS,6.66384748714771E-15,0,0,0,0,0,0,0,0,1,0,0,1,1,0,1,0,1,0,0,0,0,0,0,0,0,0,1,0,0,0
Domain,CXC_Chemokine_domain,IPR033899,domain_IPR033899_CXC_Chemokine_domain,1.16510237568166E-14,0,0,0,0,0,0,0,0,1,0,0,1,1,0,1,0,1,0,0,0,0,0,0,0,0,0,1,0,0,0
Domain,Chemokine_CXC,IPR001089,domain_IPR001089_Chemokine_CXC,3.10123564611091E-14,0,0,0,0,0,0,0,0,1,0,0,1,1,0,1,0,1,0,0,0,0,0,0,0,0,0,1,0,0,0
Domain,SMALL_CYTOKINES_CXC,PS00471,domain_PS00471_SMALL_CYTOKINES_CXC,4.78841696035269E-14,0,0,0,0,0,0,0,0,1,0,0,1,1,0,1,0,1,0,0,0,0,0,0,0,0,0,1,0,0,0
Domain,SMALL_CYTOKINES_CC,PS00472,domain_PS00472_SMALL_CYTOKINES_CC,5.93306016317296E-04,0,0,0,0,0,1,1,0,0,0,0,0,0,0,0,0,0,0,0,0,0,0,0,0,0,0,0,0,0,0
Domain,Chemokine_CC_CS,IPR000827,domain_IPR000827_Chemokine_CC_CS,5.93306016317296E-04,0,0,0,0,0,1,1,0,0,0,0,0,0,0,0,0,0,0,0,0,0,0,0,0,0,0,0,0,0,0
Domain,5_NUCLEOTIDASE_1,PS00785,domain_PS00785_5_NUCLEOTIDASE_1,0.0013920865235318800,0,0,0,0,0,0,0,0,0,0,0,0,0,0,0,0,0,1,0,0,0,0,0,0,0,0,0,0,0,0
Domain,5_NUCLEOTIDASE_2,PS00786,domain_PS00786_5_NUCLEOTIDASE_2,0.0013920865235318800,0,0,0,0,0,0,0,0,0,0,0,0,0,0,0,0,0,1,0,0,0,0,0,0,0,0,0,0,0,0
Domain,COX-2,IPR029576,domain_IPR029576_COX-2,0.0013920865235318800,0,0,0,0,0,0,0,0,0,0,0,0,0,0,0,0,0,0,0,0,0,0,1,0,0,0,0,0,0,0
Domain,IL-1_alpha,IPR003295,domain_IPR003295_IL-1_alpha,0.0013920865235318800,0,0,0,0,0,0,0,1,0,0,0,0,0,0,0,0,0,0,0,0,0,0,0,0,0,0,0,0,0,0
Domain,PAI-2,IPR015556,domain_IPR015556_PAI-2,0.0013920865235318800,0,0,0,0,0,0,0,0,0,0,0,0,0,0,0,0,0,0,0,0,0,0,0,0,0,0,0,0,1,0
Domain,DUF4695,IPR031521,domain_IPR031521_DUF4695,0.0013920865235318800,0,0,0,0,0,0,0,0,0,0,0,0,0,0,0,0,0,0,0,0,0,0,0,0,0,1,0,0,0,1
Domain,5_nucleotid_C,PF02872,domain_PF02872_5_nucleotid_C,0.0013920865235318800,0,0,0,0,0,0,0,0,0,0,0,0,0,0,0,0,0,1,0,0,0,0,0,0,0,0,0,0,0,0
Domain,Interleukin-8,IPR028469,domain_IPR028469_Interleukin-8,0.0013920865235318800,0,0,0,0,0,0,0,0,0,0,0,0,0,0,0,0,0,0,0,0,0,0,0,0,0,0,1,0,0,0
Domain,Secretogranin_V,IPR007945,domain_IPR007945_Secretogranin_V,0.0013920865235318800,0,0,0,0,0,0,0,0,0,0,0,0,0,0,0,0,0,0,0,0,0,0,0,1,0,0,0,0,0,0
Domain,5_nucleotidase/apyrase,IPR006179,domain_IPR006179_5_nucleotidase/apyrase,0.0013920865235318800,0,0,0,0,0,0,0,0,0,0,0,0,0,0,0,0,0,1,0,0,0,0,0,0,0,0,0,0,0,0
Domain,5'-Nucleotdase_CS,IPR006146,domain_IPR006146_5'-Nucleotdase_CS,0.0013920865235318800,0,0,0,0,0,0,0,0,0,0,0,0,0,0,0,0,0,1,0,0,0,0,0,0,0,0,0,0,0,0
Domain,DUF4695,PF15766,domain_PF15766_DUF4695,0.0013920865235318800,0,0,0,0,0,0,0,0,0,0,0,0,0,0,0,0,0,0,0,0,0,0,0,0,0,1,0,0,0,1
Domain,Secretogranin_V,PF05281,domain_PF05281_Secretogranin_V,0.0013920865235318800,0,0,0,0,0,0,0,0,0,0,0,0,0,0,0,0,0,0,0,0,0,0,0,1,0,0,0,0,0,0
Domain,TISSUE_FACTOR,PS00621,domain_PS00621_TISSUE_FACTOR,0.0013920865235318800,0,0,0,0,0,0,0,0,0,0,0,0,0,1,0,0,0,0,0,0,0,0,0,0,0,0,0,0,0,0
Domain,5'-Nucleotdase_C,IPR008334,domain_IPR008334_5'-Nucleotdase_C,0.0013920865235318800,0,0,0,0,0,0,0,0,0,0,0,0,0,0,0,0,0,1,0,0,0,0,0,0,0,0,0,0,0,0
Domain,-,3.90.780.10,domain_3.90.780.10_-,0.0013920865235318800,0,0,0,0,0,0,0,0,0,0,0,0,0,0,0,0,0,1,0,0,0,0,0,0,0,0,0,0,0,0
Domain,Tissue_fac/coagulation_fac-3,IPR016354,domain_IPR016354_Tissue_fac/coagulation_fac-3,0.0013920865235318800,0,0,0,0,0,0,0,0,0,0,0,0,0,1,0,0,0,0,0,0,0,0,0,0,0,0,0,0,0,0
Domain,PPBP,IPR027223,domain_IPR027223_PPBP,0.0013920865235318800,0,0,0,0,0,0,0,0,1,0,0,0,0,0,0,0,0,0,0,0,0,0,0,0,0,0,0,0,0,0
Domain,Tissue_Factor_CS,IPR030472,domain_IPR030472_Tissue_Factor_CS,0.0013920865235318800,0,0,0,0,0,0,0,0,0,0,0,0,0,1,0,0,0,0,0,0,0,0,0,0,0,0,0,0,0,0
Domain,Tyr_kinase_HGF/MSP_rcpt,IPR016244,domain_IPR016244_Tyr_kinase_HGF/MSP_rcpt,0.0027823095771634300,0,1,0,0,0,0,0,0,0,0,0,0,0,0,0,0,0,0,0,0,0,0,0,0,0,0,0,0,0,0
Domain,IL-1_propep,IPR003502,domain_IPR003502_IL-1_propep,0.0027823095771634300,0,0,0,0,0,0,0,1,0,0,0,0,0,0,0,0,0,0,0,0,0,0,0,0,0,0,0,0,0,0
Domain,IL1_propep,PF02394,domain_PF02394_IL1_propep,0.0027823095771634300,0,0,0,0,0,0,0,1,0,0,0,0,0,0,0,0,0,0,0,0,0,0,0,0,0,0,0,0,0,0
Domain,Prokineticin,PF06607,domain_PF06607_Prokineticin,0.004170671555860140,1,0,0,0,0,0,0,0,0,0,0,0,0,0,0,0,0,0,0,0,0,0,0,0,0,0,0,0,0,0
Domain,IL-1_alpha/beta,IPR003294,domain_IPR003294_IL-1_alpha/beta,0.004170671555860140,0,0,0,0,0,0,0,1,0,0,0,0,0,0,0,0,0,0,0,0,0,0,0,0,0,0,0,0,0,0
Domain,L_AA_transporter,IPR004760,domain_IPR004760_L_AA_transporter,0.004170671555860140,0,0,0,0,0,0,0,0,0,0,0,0,0,0,0,1,0,0,0,0,0,0,0,0,0,0,0,0,0,0
Domain,Prokineticin_domain,IPR023569,domain_IPR023569_Prokineticin_domain,0.004170671555860140,1,0,0,0,0,0,0,0,0,0,0,0,0,0,0,0,0,0,0,0,0,0,0,0,0,0,0,0,0,0
Domain,Prokineticin,IPR009523,domain_IPR009523_Prokineticin,0.004170671555860140,1,0,0,0,0,0,0,0,0,0,0,0,0,0,0,0,0,0,0,0,0,0,0,0,0,0,0,0,0,0
Domain,Prokineticin,PD059788,domain_PD059788_Prokineticin,0.004170671555860140,1,0,0,0,0,0,0,0,0,0,0,0,0,0,0,0,0,0,0,0,0,0,0,0,0,0,0,0,0,0
Domain,Small_GTPase_GEM/REM/Rad,IPR017358,domain_IPR017358_Small_GTPase_GEM/REM/Rad,0.005557174851357280,0,0,0,0,0,0,0,0,0,0,0,0,0,0,0,0,0,0,1,0,0,0,0,0,0,0,0,0,0,0
Domain,IL-1_CS,IPR020877,domain_IPR020877_IL-1_CS,0.005557174851357280,0,0,0,0,0,0,0,1,0,0,0,0,0,0,0,0,0,0,0,0,0,0,0,0,0,0,0,0,0,0
Domain,Prot_inh_Kazal-m,IPR001239,domain_IPR001239_Prot_inh_Kazal-m,0.006941821852566930,0,0,0,0,0,0,0,0,0,1,0,0,0,0,0,0,0,0,0,0,0,0,0,0,0,0,0,0,0,0
Domain,TNF,IPR006053,domain_IPR006053_TNF,0.008324614945503250,0,0,0,0,0,0,0,0,0,0,0,0,0,0,0,0,0,0,0,0,0,1,0,0,0,0,0,0,0,0
Domain,EGF_rcpt_ligand,IPR015497,domain_IPR015497_EGF_rcpt_ligand,0.008324614945503250,0,0,0,1,0,0,0,0,0,0,0,0,0,0,0,0,0,0,0,0,0,0,0,0,0,0,0,0,0,0
Domain,INTERLEUKIN_1,PS00253,domain_PS00253_INTERLEUKIN_1,0.012461894591000600,0,0,0,0,0,0,0,1,0,0,0,0,0,0,0,0,0,0,0,0,0,0,0,0,0,0,0,0,0,0
Domain,IL1,PF00340,domain_PF00340_IL1,0.012461894591000600,0,0,0,0,0,0,0,1,0,0,0,0,0,0,0,0,0,0,0,0,0,0,0,0,0,0,0,0,0,0
Domain,EGF,PF00008,domain_PF00008_EGF,0.013201065016074800,0,0,0,1,0,0,0,0,0,0,0,0,0,0,0,0,0,0,0,0,0,0,1,0,0,0,0,0,0,0
Domain,Interfer-bind,PF09294,domain_PF09294_Interfer-bind,0.01383729585183830,0,0,0,0,0,0,0,0,0,0,0,0,0,1,0,0,0,0,0,0,0,0,0,0,0,0,0,0,0,0
Domain,Interferon/interleukin_rcp_dom,IPR015373,domain_IPR015373_Interferon/interleukin_rcp_dom,0.01383729585183830,0,0,0,0,0,0,0,0,0,0,0,0,0,1,0,0,0,0,0,0,0,0,0,0,0,0,0,0,0,0
Domain,PEROXIDASE_3,PS50292,domain_PS50292_PEROXIDASE_3,0.01383729585183830,0,0,0,0,0,0,0,0,0,0,0,0,0,0,0,0,0,0,0,0,0,0,1,0,0,0,0,0,0,0
Domain,Haem_peroxidase,IPR010255,domain_IPR010255_Haem_peroxidase,0.01383729585183830,0,0,0,0,0,0,0,0,0,0,0,0,0,0,0,0,0,0,0,0,0,0,1,0,0,0,0,0,0,0
Domain,IL-1_fam,IPR000975,domain_IPR000975_IL-1_fam,0.01383729585183830,0,0,0,0,0,0,0,1,0,0,0,0,0,0,0,0,0,0,0,0,0,0,0,0,0,0,0,0,0,0
Domain,-,1.10.640.10,domain_1.10.640.10_-,0.01383729585183830,0,0,0,0,0,0,0,0,0,0,0,0,0,0,0,0,0,0,0,0,0,0,1,0,0,0,0,0,0,0
Domain,Haem_peroxidase_animal,IPR019791,domain_IPR019791_Haem_peroxidase_animal,0.01383729585183830,0,0,0,0,0,0,0,0,0,0,0,0,0,0,0,0,0,0,0,0,0,0,1,0,0,0,0,0,0,0
Domain,An_peroxidase,PF03098,domain_PF03098_An_peroxidase,0.01383729585183830,0,0,0,0,0,0,0,0,0,0,0,0,0,0,0,0,0,0,0,0,0,0,1,0,0,0,0,0,0,0
Domain,Tissue_factor,IPR001187,domain_IPR001187_Tissue_factor,0.016582574675248900,0,0,0,0,0,0,0,0,0,0,0,0,0,1,0,0,0,0,0,0,0,0,0,0,0,0,0,0,0,0
Domain,HSP70_peptide-bd,IPR029047,domain_IPR029047_HSP70_peptide-bd,0.016582574675248900,0,0,0,0,0,0,0,0,0,0,0,0,0,0,0,0,0,0,0,1,0,0,0,0,0,0,0,0,0,0
Domain,GrpE_coiled_coil,IPR013805,domain_IPR013805_GrpE_coiled_coil,0.016582574675248900,0,0,1,0,0,0,0,0,0,0,0,0,0,0,0,0,0,0,0,0,0,0,0,0,0,0,0,0,0,0
Domain,Tissue_fac,PF01108,domain_PF01108_Tissue_fac,0.016582574675248900,0,0,0,0,0,0,0,0,0,0,0,0,0,1,0,0,0,0,0,0,0,0,0,0,0,0,0,0,0,0
Domain,-,2.60.34.10,domain_2.60.34.10_-,0.016582574675248900,0,0,0,0,0,0,0,0,0,0,0,0,0,0,0,0,0,0,0,1,0,0,0,0,0,0,0,0,0,0
Domain,Heat_shock_70_CS,IPR018181,domain_IPR018181_Heat_shock_70_CS,0.017952456971034200,0,0,0,0,0,0,0,0,0,0,0,0,0,0,0,0,0,0,0,1,0,0,0,0,0,0,0,0,0,0
Domain,HSP70_C,IPR029048,domain_IPR029048_HSP70_C,0.017952456971034200,0,0,0,0,0,0,0,0,0,0,0,0,0,0,0,0,0,0,0,1,0,0,0,0,0,0,0,0,0,0
Domain,AA_permease_2,PF13520,domain_PF13520_AA_permease_2,0.017952456971034200,0,0,0,0,0,0,0,0,0,0,0,0,0,0,0,1,0,0,0,0,0,0,0,0,0,0,0,0,0,0
Domain,-,1.20.1270.10,domain_1.20.1270.10_-,0.017952456971034200,0,0,0,0,0,0,0,0,0,0,0,0,0,0,0,0,0,0,0,1,0,0,0,0,0,0,0,0,0,0
Domain,AA/rel_permease1,IPR002293,domain_IPR002293_AA/rel_permease1,0.017952456971034200,0,0,0,0,0,0,0,0,0,0,0,0,0,0,0,1,0,0,0,0,0,0,0,0,0,0,0,0,0,0